id,chapter,kapitelbezeichnung,bezeichnung,mds,sds,finaler_beschluss,einheit_format,information_beschreibung,mehrfachnennung,coding_type,added,mapping
1,01-01,stammdaten,Geburtsdatum,TRUE,TRUE,ddmmyyyy,ddmmyyyy,Automatisierte Altersberechnung,FALSE,key_item,FALSE,TRUE
2,01-02,stammdaten,Geschlecht,TRUE,TRUE,1 „männlich“,NA,NA,FALSE,value_item,FALSE,TRUE
3,01-02,stammdaten,Geschlecht,TRUE,TRUE,2 „weiblich“,NA,NA,FALSE,value_item,FALSE,TRUE
4,01-02,stammdaten,Geschlecht,TRUE,TRUE,Geschlecht,NA,NA,FALSE,key_item,TRUE,TRUE
5,01-03,stammdaten,Versichertenstatus,FALSE,TRUE,1 „GKV ohne Zusatzversicherung“,NA,NA,FALSE,value_item,FALSE,TRUE
6,01-03,stammdaten,Versichertenstatus,FALSE,TRUE,2 „GKV mit staatl. Zusatzversicherung“,NA,NA,FALSE,value_item,FALSE,TRUE
7,01-03,stammdaten,Versichertenstatus,FALSE,TRUE,3 „PKV“,NA,NA,FALSE,value_item,FALSE,TRUE
8,01-03,stammdaten,Versichertenstatus,FALSE,TRUE,4 „nicht krankversichert“,NA,NA,FALSE,value_item,FALSE,TRUE
9,01-03,stammdaten,Versichertenstatus,FALSE,TRUE,5 „anders krankenversichert“,NA,NA,FALSE,value_item,FALSE,TRUE
10,01-03,stammdaten,Versichertenstatus,FALSE,TRUE,Versichertenstatus,NA,NA,FALSE,key_item,TRUE,TRUE
11,01-03-01,stammdaten,Name der Krankenkasse,FALSE,TRUE,-,Text,NA,FALSE,key_item,FALSE,TRUE
12,01-04,stammdaten,PLZ,FALSE,TRUE,-,5-stellig,NA,FALSE,key_item,FALSE,TRUE
13,01-05,stammdaten,Familienstand,FALSE,TRUE,1 „feste Partnerschaft“,NA,Wichtig zur Klärung sozialen Supports,FALSE,value_item,FALSE,TRUE
14,01-05,stammdaten,Familienstand,FALSE,TRUE,2 „verheiratet“,NA,Wichtig zur Klärung sozialen Supports,FALSE,value_item,FALSE,TRUE
15,01-05,stammdaten,Familienstand,FALSE,TRUE,3 „geschieden“,NA,Wichtig zur Klärung sozialen Supports,FALSE,value_item,FALSE,TRUE
16,01-05,stammdaten,Familienstand,FALSE,TRUE,4 „verwitwet“,NA,Wichtig zur Klärung sozialen Supports,FALSE,value_item,FALSE,TRUE
17,01-05,stammdaten,Familienstand,FALSE,TRUE,5 „ledig“,NA,Wichtig zur Klärung sozialen Supports,FALSE,value_item,FALSE,TRUE
18,01-05,stammdaten,Familienstand,FALSE,TRUE,Familienstand,NA,NA,FALSE,key_item,TRUE,TRUE
19,01-06,stammdaten,Schulbildung,FALSE,TRUE,1 „ohne Abschluss“,NA,Wichtig im Zusammenhang mit Patientenauf- klärung,FALSE,value_item,FALSE,TRUE
20,01-06,stammdaten,Schulbildung,FALSE,TRUE,2 „Hauptschulabschluss“,NA,Wichtig im Zusammenhang mit Patientenauf- klärung,FALSE,value_item,FALSE,TRUE
21,01-06,stammdaten,Schulbildung,FALSE,TRUE,3 „Realschulabschluss (Mittlere Reife)“,NA,Wichtig im Zusammenhang mit Patientenauf- klärung,FALSE,value_item,FALSE,TRUE
22,01-06,stammdaten,Schulbildung,FALSE,TRUE,4 „Fachhochschulreife“,NA,Wichtig im Zusammenhang mit Patientenauf- klärung,FALSE,value_item,FALSE,TRUE
23,01-06,stammdaten,Schulbildung,FALSE,TRUE,5 „Allgemeine Hochschulreife (Abitur)“,NA,Wichtig im Zusammenhang mit Patientenauf- klärung,FALSE,value_item,FALSE,TRUE
24,01-06,stammdaten,Schulbildung,FALSE,TRUE,6 „anderer Schulabschluss“,NA,Wichtig im Zusammenhang mit Patientenauf- klärung,FALSE,value_item,FALSE,TRUE
25,01-06,stammdaten,Schulbildung,FALSE,TRUE,Schulbildung,NA,NA,FALSE,key_item,TRUE,TRUE
26,01-07,stammdaten,Berufstätigkeit,FALSE,TRUE,1 „erwerbstätigmit |__|__| Stunden pro Woche“,NA,Wichtig für die Beurteilung der Funktionsfähig- keit mit Wunde,FALSE,value_item,FALSE,TRUE
27,01-07,stammdaten,Berufstätigkeit,FALSE,TRUE,"2 „längere Beurlaubung, Freistellung (z. B. Elternzeit)“",NA,Wichtig für die Beurteilung der Funktionsfähig- keit mit Wunde,FALSE,value_item,FALSE,TRUE
28,01-07,stammdaten,Berufstätigkeit,FALSE,TRUE,"3 „Auszubildende/r (Azubi), freiwillige/r Zivildienstleistende/r oder Wehrdienstleistender,freiwilliges soziales Jahr“",NA,Wichtig für die Beurteilung der Funktionsfähig- keit mit Wunde,FALSE,value_item,FALSE,TRUE
29,01-07,stammdaten,Berufstätigkeit,FALSE,TRUE,"4 „in Rente, Pension, Vorruhestand (nicht aufgrund der Erkrankung)“",NA,Wichtig für die Beurteilung der Funktionsfähig- keit mit Wunde,FALSE,value_item,FALSE,TRUE
30,01-07,stammdaten,Berufstätigkeit,FALSE,TRUE,"5 „in Frührente, erwerbsunfähig (wegen der Erkrankung)“",NA,Wichtig für die Beurteilung der Funktionsfähig- keit mit Wunde,FALSE,value_item,FALSE,TRUE
31,01-07,stammdaten,Berufstätigkeit,FALSE,TRUE,6 „Hausfrau/Hausmann“,NA,Wichtig für die Beurteilung der Funktionsfähig- keit mit Wunde,FALSE,value_item,FALSE,TRUE
32,01-07,stammdaten,Berufstätigkeit,FALSE,TRUE,"7 „Schüler/in, Student/in“",NA,Wichtig für die Beurteilung der Funktionsfähig- keit mit Wunde,FALSE,value_item,FALSE,TRUE
33,01-07,stammdaten,Berufstätigkeit,FALSE,TRUE,8 „Empfänger von Arbeitslosengeld I oder II“,NA,Wichtig für die Beurteilung der Funktionsfähig- keit mit Wunde,FALSE,value_item,FALSE,TRUE
34,01-07,stammdaten,Berufstätigkeit,FALSE,TRUE,9 „Sonstiges“,NA,Wichtig für die Beurteilung der Funktionsfähig- keit mit Wunde,FALSE,value_item,FALSE,FALSE
35,01-07,stammdaten,Berufstätigkeit,FALSE,TRUE,Berufstätigkeit,NA,NA,FALSE,key_item,TRUE,TRUE
36,01-07-01,stammdaten,Sonstige,FALSE,TRUE,-,Text,NA,FALSE,nicht eindeutig,FALSE,FALSE
37,02-01,allgemeinstatus,Größe,FALSE,TRUE,cm,"xxx cm; x,x kg","Body-Mass-Index wird automatisiert berechnet, stellt die wichtigere Größe dar",FALSE,key_item,FALSE,TRUE
38,02-01,allgemeinstatus,Gewicht,FALSE,TRUE,kg,"xxx cm; x,x kg","Body-Mass-Index wird automatisiert berechnet, stellt die wichtigere Größe dar",FALSE,key_item,FALSE,TRUE
39,02-02,allgemeinstatus,Ulkusrelevante Begleiterkrankungen,TRUE,TRUE,-,NA,Notwendig als potenzielle Prädiktoren der Heilung,FALSE,NA,FALSE,TRUE
40,02-02-01,allgemeinstatus,Herz-Kreislauf-Erkrankungen,TRUE,TRUE,-,NA,NA,FALSE,value_item,FALSE,FALSE
41,02-02-01-01-01,allgemeinstatus,Arterielle Hypertonie,TRUE,TRUE,0 „nein“,NA,NA,FALSE,NA,FALSE,TRUE
42,02-02-01-01-01,allgemeinstatus,Arterielle Hypertonie,TRUE,TRUE,1 „ja“,NA,NA,FALSE,value_item,FALSE,FALSE
43,02-02-01-02-02,allgemeinstatus,Herzinsuffizienz,TRUE,TRUE,0 „nein“,NA,NA,FALSE,NA,FALSE,TRUE
44,02-02-01-02-02,allgemeinstatus,Herzinsuffizienz,TRUE,TRUE,1 „ja“,NA,NA,FALSE,value_item,FALSE,FALSE
45,02-02-01-03-03,allgemeinstatus,Koronare Herzkrankheit,TRUE,TRUE,0 „nein“,NA,NA,FALSE,NA,FALSE,TRUE
46,02-02-01-03-03,allgemeinstatus,Koronare Herzkrankheit,TRUE,TRUE,1 „ja“,NA,NA,FALSE,value_item,FALSE,FALSE
47,02-02-01-04-04,allgemeinstatus,Gerinnungsstörung,TRUE,TRUE,0 „nein“,NA,NA,FALSE,NA,FALSE,TRUE
48,02-02-01-04-04,allgemeinstatus,Gerinnungsstörung,TRUE,TRUE,1 „ja“,NA,NA,FALSE,value_item,FALSE,FALSE
49,02-02-01-05-05,allgemeinstatus,Zustand nach Thrombose,TRUE,TRUE,0 „nein“,NA,NA,FALSE,NA,FALSE,TRUE
50,02-02-01-05-05,allgemeinstatus,Zustand nach Thrombose,TRUE,TRUE,1 „ja“,NA,NA,FALSE,value_item,FALSE,FALSE
51,02-02-02,allgemeinstatus,Pulmonale Erkrankungen,TRUE,TRUE,-,NA,NA,FALSE,value_item,FALSE,TRUE
52,02-02-02-01-01,allgemeinstatus,Asthma bronchiale,TRUE,TRUE,0 „nein“,NA,NA,FALSE,NA,FALSE,TRUE
53,02-02-02-01-01,allgemeinstatus,Asthma bronchiale,TRUE,TRUE,1 „ja“,NA,NA,FALSE,value_item,FALSE,FALSE
54,02-02-02-02-02,allgemeinstatus,Chronische Bronchitis,TRUE,TRUE,0 „nein“,NA,NA,FALSE,NA,FALSE,TRUE
55,02-02-02-02-02,allgemeinstatus,Chronische Bronchitis,TRUE,TRUE,1 „ja“,NA,NA,FALSE,value_item,FALSE,FALSE
56,02-02-03,allgemeinstatus,Stoffwechselstörungen,TRUE,TRUE,-,NA,NA,FALSE,value_item,FALSE,TRUE
57,02-02-03-01-01,allgemeinstatus,Diabetes mellitus,TRUE,TRUE,0 „nein“,NA,NA,FALSE,NA,FALSE,TRUE
58,02-02-03-01-01,allgemeinstatus,Diabetes mellitus,TRUE,TRUE,1 „ja“,NA,NA,FALSE,value_item,FALSE,FALSE
59,02-02-03-02-02,allgemeinstatus,Diabetes mellitus Typ,TRUE,TRUE,1 „Typ 1“,NA,NA,FALSE,value_item,FALSE,TRUE
60,02-02-03-02-02,allgemeinstatus,Diabetes mellitus Typ,TRUE,TRUE,2 „Typ 2“,NA,NA,FALSE,value_item,FALSE,TRUE
61,02-02-03-02-02,allgemeinstatus,Diabetes mellitus Typ,TRUE,TRUE,3 „Typ 3“,NA,NA,FALSE,value_item,FALSE,TRUE
62,02-02-03-03-03,allgemeinstatus,Diabetes mellitus Erkrankungsdauer,TRUE,TRUE,-,In Jahren,NA,FALSE,key_item,FALSE,TRUE
63,02-02-03-04-04,allgemeinstatus,Hyperurikämie,TRUE,TRUE,0 „nein“,NA,NA,FALSE,NA,FALSE,TRUE
64,02-02-03-04-04,allgemeinstatus,Hyperurikämie,TRUE,TRUE,1 „ja“,NA,NA,FALSE,value_item,FALSE,FALSE
65,02-02-03-05-05,allgemeinstatus,Lipidstoffwechselstörung,TRUE,TRUE,0 „nein“,NA,NA,FALSE,NA,FALSE,TRUE
66,02-02-03-05-05,allgemeinstatus,Lipidstoffwechselstörung,TRUE,TRUE,1 „ja“,NA,NA,FALSE,value_item,FALSE,FALSE
67,02-02-03-06-06,allgemeinstatus,Mangelernährung,TRUE,TRUE,0 „nein“,NA,NA,FALSE,NA,FALSE,TRUE
68,02-02-03-06-06,allgemeinstatus,Mangelernährung,TRUE,TRUE,1 „ja“,NA,NA,FALSE,value_item,FALSE,FALSE
69,02-02-04,allgemeinstatus,Infektionskrankheiten,TRUE,TRUE,0 „nein“,NA,NA,FALSE,NA,FALSE,TRUE
70,02-02-04,allgemeinstatus,Infektionskrankheiten,TRUE,TRUE,1 „ja“,NA,NA,FALSE,value_item,FALSE,FALSE
71,02-02-04-01-01,allgemeinstatus,Tuberkulose,FALSE,TRUE,0 „nein“,NA,NA,FALSE,NA,FALSE,TRUE
72,02-02-04-01-01,allgemeinstatus,Tuberkulose,FALSE,TRUE,1 „ja“,NA,NA,FALSE,value_item,FALSE,FALSE
73,02-02-04-02-02,allgemeinstatus,Hepatitis,FALSE,TRUE,0 „nein“,NA,NA,TRUE,NA,FALSE,TRUE
74,02-02-04-02-02,allgemeinstatus,Hepatitis,FALSE,TRUE,1 „ja“,NA,NA,TRUE,value_item,FALSE,FALSE
75,02-02-04-02-02,allgemeinstatus,Hepatitis,FALSE,TRUE,2 „A“,NA,NA,TRUE,value_item,FALSE,TRUE
76,02-02-04-02-02,allgemeinstatus,Hepatitis,FALSE,TRUE,3 „B“,NA,NA,TRUE,value_item,FALSE,TRUE
77,02-02-04-02-02,allgemeinstatus,Hepatitis,FALSE,TRUE,4 „C“,NA,NA,TRUE,value_item,FALSE,TRUE
78,02-02-04-03-03,allgemeinstatus,HIV-Infektion,FALSE,TRUE,0 „nein“,NA,NA,FALSE,NA,FALSE,TRUE
79,02-02-04-03-03,allgemeinstatus,HIV-Infektion,FALSE,TRUE,1 „ja“,NA,NA,FALSE,value_item,FALSE,FALSE
80,02-02-04-04-04,allgemeinstatus,Sonstige,FALSE,TRUE,Infektionskrankheiten,Text,NA,FALSE,NA,FALSE,TRUE
81,02-02-05,allgemeinstatus,Lebererkrankungen,TRUE,TRUE,-,NA,NA,FALSE,value_item,FALSE,FALSE
82,02-02-05-01-01,allgemeinstatus,Leberzirrhose,TRUE,TRUE,0 „nein“,NA,NA,FALSE,NA,FALSE,TRUE
83,02-02-05-01-01,allgemeinstatus,Leberzirrhose,TRUE,TRUE,1 „ja“,NA,NA,FALSE,value_item,FALSE,FALSE
84,02-02-05-02-02,allgemeinstatus,Steatosis hepatis,TRUE,TRUE,0 „nein“,NA,NA,FALSE,NA,FALSE,TRUE
85,02-02-05-02-02,allgemeinstatus,Steatosis hepatis,TRUE,TRUE,1 „ja“,NA,NA,FALSE,value_item,FALSE,FALSE
86,02-02-05-03-03,allgemeinstatus,Chronischer Leberschaden,TRUE,TRUE,0 „nein“,NA,NA,FALSE,NA,FALSE,TRUE
87,02-02-05-03-03,allgemeinstatus,Chronischer Leberschaden,TRUE,TRUE,1 „ja“,NA,NA,FALSE,value_item,FALSE,FALSE
88,02-02-06,allgemeinstatus,Dermatologisch-allergologische Erkrankung,TRUE,TRUE,-,NA,NA,FALSE,value_item,FALSE,TRUE
89,02-02-06-01-01,allgemeinstatus,Kontaktekzem,TRUE,TRUE,0 „nein“,NA,NA,FALSE,NA,FALSE,TRUE
90,02-02-06-01-01,allgemeinstatus,Kontaktekzem,TRUE,TRUE,1 „ja“,NA,NA,FALSE,value_item,FALSE,FALSE
91,02-02-07,allgemeinstatus,Nierenerkrankungen,TRUE,TRUE,-,NA,NA,FALSE,value_item,FALSE,TRUE
92,02-02-07-01-01,allgemeinstatus,Niereninsuffizienz,TRUE,TRUE,0 „nein“,NA,NA,FALSE,NA,FALSE,TRUE
93,02-02-07-01-01,allgemeinstatus,Niereninsuffizienz,TRUE,TRUE,1 „ja“,NA,NA,FALSE,value_item,FALSE,FALSE
94,02-02-08,allgemeinstatus,Rheumatologische und immunologische Erkrankung,TRUE,TRUE,-,NA,NA,FALSE,value_item,FALSE,TRUE
95,02-02-08-01-01,allgemeinstatus,Rheumatoide Arthritis,TRUE,TRUE,0 „nein“,NA,NA,FALSE,NA,FALSE,TRUE
96,02-02-08-01-01,allgemeinstatus,Rheumatoide Arthritis,TRUE,TRUE,1 „ja“,NA,NA,FALSE,value_item,FALSE,FALSE
97,02-02-08-02-02,allgemeinstatus,Andere rheumatologische Erkrankungen,TRUE,TRUE,-,Text,NA,FALSE,NA,FALSE,TRUE
98,02-02-09,allgemeinstatus,Psychische und Suchterkrankungen,TRUE,TRUE,-,NA,NA,FALSE,value_item,FALSE,FALSE
99,02-02-09-01-01,allgemeinstatus,Depression,TRUE,TRUE,0 „nein“,NA,NA,FALSE,NA,FALSE,TRUE
100,02-02-09-01-01,allgemeinstatus,Depression,TRUE,TRUE,1 „ja“,NA,NA,FALSE,value_item,FALSE,FALSE
101,02-02-09-02-02,allgemeinstatus,Raucher,TRUE,TRUE,0 „nein“,NA,NA,FALSE,NA,FALSE,TRUE
102,02-02-09-02-02,allgemeinstatus,Raucher,TRUE,TRUE,1 „ja“,NA,NA,FALSE,value_item,FALSE,TRUE
103,02-02-09-03-03,allgemeinstatus,Ex-Raucher,TRUE,TRUE,0 „nein“,NA,NA,FALSE,NA,FALSE,TRUE
104,02-02-09-03-03,allgemeinstatus,Ex-Raucher,TRUE,TRUE,1 „ja“,NA,NA,FALSE,value_item,FALSE,FALSE
105,02-02-09-04-04,allgemeinstatus,Alkoholabusus,TRUE,TRUE,0 „nein“,NA,NA,FALSE,NA,FALSE,TRUE
106,02-02-09-04-04,allgemeinstatus,Alkoholabusus,TRUE,TRUE,1 „ja“,NA,NA,FALSE,value_item,FALSE,FALSE
107,02-02-09-05-05,allgemeinstatus,Andere Drogen,TRUE,TRUE,0 „nein“,NA,NA,FALSE,NA,FALSE,TRUE
108,02-02-09-05-05,allgemeinstatus,Andere Drogen,TRUE,TRUE,1 „ja“,NA,NA,FALSE,value_item,FALSE,FALSE
109,02-02-09-06-06,allgemeinstatus,i. v. Drogenabusus,TRUE,TRUE,0 „nein“,NA,NA,FALSE,NA,FALSE,TRUE
110,02-02-09-06-06,allgemeinstatus,i. v. Drogenabusus,TRUE,TRUE,1 „ja“,NA,NA,FALSE,value_item,FALSE,FALSE
111,02-02-09-06-06,allgemeinstatus,i. v. Drogenabusus,TRUE,TRUE,2 „Z. n.“,NA,NA,FALSE,value_item,FALSE,TRUE
112,02-02-10,allgemeinstatus,Maligne Tumoren,TRUE,TRUE,0 „nein“,NA,NA,FALSE,NA,FALSE,TRUE
113,02-02-10,allgemeinstatus,Maligne Tumoren,TRUE,TRUE,1 „ja“,NA,NA,FALSE,value_item,FALSE,FALSE
114,02-02-10-01-01,allgemeinstatus,Bezeichnung,TRUE,TRUE,-,Text,NA,FALSE,NA,FALSE,TRUE
115,02-02-11,allgemeinstatus,Neurologische Erkrankungen,TRUE,TRUE,-,NA,NA,FALSE,value_item,FALSE,FALSE
116,02-02-11-01-01,allgemeinstatus,Multiple Sklerose,TRUE,TRUE,0 „nein“,NA,NA,FALSE,NA,FALSE,TRUE
117,02-02-11-01-01,allgemeinstatus,Multiple Sklerose,TRUE,TRUE,1 „ja“,NA,NA,FALSE,value_item,FALSE,FALSE
118,02-02-11-02-02,allgemeinstatus,Periphere Polyneuropathie,TRUE,TRUE,0 „nein“,NA,NA,FALSE,NA,FALSE,TRUE
119,02-02-11-02-02,allgemeinstatus,Periphere Polyneuropathie,TRUE,TRUE,1 „ja“,NA,NA,FALSE,value_item,FALSE,FALSE
120,02-02-11-03-03,allgemeinstatus,Morbus Parkinson,TRUE,TRUE,0 „nein“,NA,NA,FALSE,NA,FALSE,TRUE
121,02-02-11-03-03,allgemeinstatus,Morbus Parkinson,TRUE,TRUE,1 „ja“,NA,NA,FALSE,value_item,FALSE,FALSE
122,02-02-12,allgemeinstatus,Weitere Erkrankungen,TRUE,TRUE,-,NA,NA,FALSE,NA,FALSE,TRUE
123,02-02-12-01-01,allgemeinstatus,Lipödem,TRUE,TRUE,0 „nein“,NA,NA,FALSE,NA,FALSE,FALSE
124,02-02-12-01-01,allgemeinstatus,Lipödem,TRUE,TRUE,1 „ja“,NA,NA,FALSE,value_item,FALSE,FALSE
125,02-02-12-01-01,allgemeinstatus,Lokalisation,TRUE,TRUE,1 „links“ (Lipödem),NA,NA,FALSE,NA,FALSE,TRUE
126,02-02-12-01-01,allgemeinstatus,Lokalisation,TRUE,TRUE,2 „rechts“ (Liipödem),NA,NA,FALSE,NA,FALSE,FALSE
127,02-02-12-02-02,allgemeinstatus,Lymphödem,TRUE,TRUE,0 „nein“,NA,NA,FALSE,NA,FALSE,FALSE
128,02-02-12-02-02,allgemeinstatus,Lymphödem,TRUE,TRUE,1 „ja“,NA,NA,FALSE,value_item,FALSE,FALSE
129,02-02-12-02-02,allgemeinstatus,Lokalisation,TRUE,TRUE,1 „links“ (Lymphödem),NA,NA,FALSE,NA,FALSE,TRUE
130,02-02-12-02-02,allgemeinstatus,Lokalisation,TRUE,TRUE,2 „rechts“ (Lymphödem),NA,NA,FALSE,NA,FALSE,FALSE
131,02-02-12-03-03,allgemeinstatus,Sonstige,TRUE,TRUE,Weitere Krankheiten,Text,NA,FALSE,NA,FALSE,FALSE
132,02-03,allgemeinstatus,Ulkusrelevante Medikamentenanamnesea,TRUE,TRUE,-,NA,Notwendig zur Bewertung der therapeutischen Situation,FALSE,NA,FALSE,FALSE
133,02-03,allgemeinstatus,Schmerztherapie,TRUE,TRUE,Schmerztherapie,NA,NA,FALSE,key_item,TRUE,FALSE
134,02-03-01,allgemeinstatus,Schmerztherapie (WHO I),TRUE,TRUE,0 „nein“,NA,NA,FALSE,NA,FALSE,TRUE
135,02-03-01,allgemeinstatus,Schmerztherapie (WHO I),TRUE,TRUE,1 „ja“,NA,NA,FALSE,value_item,FALSE,FALSE
136,02-03-02,allgemeinstatus,Schmerztherapie (WHO II),TRUE,TRUE,0 „nein“,NA,NA,FALSE,NA,FALSE,TRUE
137,02-03-02,allgemeinstatus,Schmerztherapie (WHO II),TRUE,TRUE,1 „ja“,NA,NA,FALSE,value_item,FALSE,FALSE
138,02-03-03,allgemeinstatus,Schmerztherapie (WHO III),TRUE,TRUE,0 „nein“,NA,NA,FALSE,NA,FALSE,TRUE
139,02-03-03,allgemeinstatus,Schmerztherapie (WHO III),TRUE,TRUE,1 „ja“,NA,NA,FALSE,value_item,FALSE,FALSE
140,02-03-04,allgemeinstatus,Antibiotikatherapie,TRUE,TRUE,0 „nein“,NA,NA,FALSE,NA,FALSE,TRUE
141,02-03-04,allgemeinstatus,Antibiotikatherapie,TRUE,TRUE,1 „ja“,NA,NA,FALSE,value_item,FALSE,FALSE
142,02-03-05,allgemeinstatus,Immunsuppressiva,TRUE,TRUE,0 „nein“,NA,NA,FALSE,NA,FALSE,TRUE
143,02-03-05,allgemeinstatus,Immunsuppressiva,TRUE,TRUE,1 „ja“,NA,NA,FALSE,value_item,FALSE,FALSE
144,02-03-06,allgemeinstatus,Antikoagulanzien,TRUE,TRUE,0 „nein“,NA,NA,FALSE,NA,FALSE,TRUE
145,02-03-06,allgemeinstatus,Antikoagulanzien,TRUE,TRUE,1 „ja“,NA,NA,FALSE,value_item,FALSE,FALSE
146,02-03-07,allgemeinstatus,Diuretika,TRUE,TRUE,0 „nein“,NA,NA,FALSE,NA,FALSE,TRUE
147,02-03-07,allgemeinstatus,Diuretika,TRUE,TRUE,1 „ja“,NA,NA,FALSE,value_item,FALSE,FALSE
148,02-04,allgemeinstatus,Ernährungsstatus,FALSE,TRUE,1 „über“,NA,Notwendig als potenzieller Prädiktor,FALSE,value_item,FALSE,TRUE
149,02-04,allgemeinstatus,Ernährungsstatus,FALSE,TRUE,2 „unter“,NA,Notwendig als potenzieller Prädiktor,FALSE,value_item,FALSE,TRUE
150,02-04,allgemeinstatus,Ernährungsstatus,FALSE,TRUE,3 „normal“,NA,Notwendig als potenzieller Prädiktor,FALSE,nicht eindeutig,FALSE,TRUE
151,02-04,allgemeinstatus,Ernährungsstatus,FALSE,TRUE,Ernährungsstatus,NA,NA,FALSE,key_item,TRUE,TRUE
152,03-01,wundanamnese,Wundanzahl,TRUE,TRUE,-,NA,Anzahl der bestehenden Wunden,FALSE,key_item,FALSE,TRUE
153,03-02,wundanamnese,Wundart,TRUE,TRUE,1 „Ulcus cruris venosum“,NA,"*Definition: immunologische Prozesse/Vaskulitidender Haut und Unterhaut, die zur Wundentstehung führen, z. B. Pyoderma gangraenosum, leukozytoklastische Vaskulitis etc.",FALSE,value_item,FALSE,TRUE
154,03-02,wundanamnese,Wundart,TRUE,TRUE,2 „Ulcus cruris arteriosum“,NA,"*Definition: immunologische Prozesse/Vaskulitidender Haut und Unterhaut, die zur Wundentstehung führen, z. B. Pyoderma gangraenosum, leukozytoklastische Vaskulitis etc.",FALSE,value_item,FALSE,TRUE
155,03-02,wundanamnese,Wundart,TRUE,TRUE,3 „Ulcus cruris mixtum“,NA,"*Definition: immunologische Prozesse/Vaskulitidender Haut und Unterhaut, die zur Wundentstehung führen, z. B. Pyoderma gangraenosum, leukozytoklastische Vaskulitis etc.",FALSE,value_item,FALSE,TRUE
156,03-02,wundanamnese,Wundart,TRUE,TRUE,4 „vaskulitisch/immunologisch*“,NA,"*Definition: immunologische Prozesse/Vaskulitidender Haut und Unterhaut, die zur Wundentstehung führen, z. B. Pyoderma gangraenosum, leukozytoklastische Vaskulitis etc.",FALSE,value_item,FALSE,TRUE
157,03-02,wundanamnese,Wundart,TRUE,TRUE,5 „medikamentös“,NA,"*Definition: immunologische Prozesse/Vaskulitidender Haut und Unterhaut, die zur Wundentstehung führen, z. B. Pyoderma gangraenosum, leukozytoklastische Vaskulitis etc.",FALSE,value_item,FALSE,TRUE
158,03-02,wundanamnese,Wundart,TRUE,TRUE,6 „maligne“,NA,"*Definition: immunologische Prozesse/Vaskulitidender Haut und Unterhaut, die zur Wundentstehung führen, z. B. Pyoderma gangraenosum, leukozytoklastische Vaskulitis etc.",FALSE,value_item,FALSE,TRUE
159,03-02,wundanamnese,Wundart,TRUE,TRUE,7 „Sonstige“,NA,"*Definition: immunologische Prozesse/Vaskulitidender Haut und Unterhaut, die zur Wundentstehung führen, z. B. Pyoderma gangraenosum, leukozytoklastische Vaskulitis etc.",FALSE,value_item,FALSE,TRUE
160,03-02,wundanamnese,Wundart,TRUE,TRUE,Wundart,NA,NA,FALSE,key_item,TRUE,FALSE
161,03-03,wundanamnese,Wundlokalisation,TRUE,TRUE,01 „Oberschenkel re“,Text,NA,TRUE,value_item,FALSE,TRUE
162,03-03,wundanamnese,Wundlokalisation,TRUE,TRUE,02 „Oberschenkel li“,Text,NA,TRUE,value_item,FALSE,TRUE
163,03-03,wundanamnese,Wundlokalisation,TRUE,TRUE,03 „Knie re“,Text,NA,TRUE,value_item,FALSE,TRUE
164,03-03,wundanamnese,Wundlokalisation,TRUE,TRUE,04 „Knie li“,Text,NA,TRUE,value_item,FALSE,TRUE
165,03-03,wundanamnese,Wundlokalisation,TRUE,TRUE,05 „Unterschenkel re“,Text,NA,TRUE,value_item,FALSE,TRUE
166,03-03,wundanamnese,Wundlokalisation,TRUE,TRUE,06 „Unterschenkel li“,Text,NA,TRUE,value_item,FALSE,TRUE
167,03-03,wundanamnese,Wundlokalisation,TRUE,TRUE,07 „Sprunggelenk re“,Text,NA,TRUE,value_item,FALSE,TRUE
168,03-03,wundanamnese,Wundlokalisation,TRUE,TRUE,08 „Sprunggelenk li“,Text,NA,TRUE,value_item,FALSE,TRUE
169,03-03,wundanamnese,Wundlokalisation,TRUE,TRUE,09 „Fußrücken re“,Text,NA,TRUE,value_item,FALSE,TRUE
170,03-03,wundanamnese,Wundlokalisation,TRUE,TRUE,10 „Fußrücken li“,Text,NA,TRUE,value_item,FALSE,TRUE
171,03-03,wundanamnese,Wundlokalisation,TRUE,TRUE,11 „Ferse re (nicht Fußsohle)“,Text,NA,TRUE,value_item,FALSE,TRUE
172,03-03,wundanamnese,Wundlokalisation,TRUE,TRUE,12 „Ferse li (nicht Fußsohle)“,Text,NA,TRUE,value_item,FALSE,TRUE
173,03-03,wundanamnese,Wundlokalisation,TRUE,TRUE,13 „Fußsohle re“,Text,NA,TRUE,value_item,FALSE,TRUE
174,03-03,wundanamnese,Wundlokalisation,TRUE,TRUE,14 „Fußsohle li“,Text,NA,TRUE,value_item,FALSE,FALSE
175,03-03,wundanamnese,Wundlokalisation,TRUE,TRUE,15 „Zehen rechts“,Text,NA,TRUE,value_item,FALSE,TRUE
176,03-03,wundanamnese,Wundlokalisation,TRUE,TRUE,16 „Zehen links“,Text,NA,TRUE,value_item,FALSE,TRUE
177,03-03,wundanamnese,Wundlokalisation,TRUE,TRUE,17 „Sonstiges“,Text,NA,TRUE,value_item,FALSE,TRUE
178,03-03,wundanamnese,Wundlokalisation,TRUE,TRUE,Wundlokalisation,NA,NA,TRUE,key_item,TRUE,TRUE
179,03-04,wundanamnese,Wunddauer der Zielwunde,TRUE,TRUE,-,In Monaten,Gemeint sind sowohl die Wunddauer bei Erstvorstellung (Baseline) wie auch die kontinuierliche Erfassung der Gesamtwundzeit im Thera- pieverlauf,FALSE,key_item,FALSE,TRUE
180,03-05,wundanamnese,Rezidivulkus,TRUE,TRUE,0 „nein“,NA,Definitionen beachten,FALSE,key_item,FALSE,TRUE
181,03-05,wundanamnese,Rezidivulkus,TRUE,TRUE,1 „ja“,NA,Definitionen beachten,FALSE,key_item,FALSE,TRUE
182,04-01,wundstatus,Standardisierte Fotodokumentation,TRUE,TRUE,Mit Maßstab und Weißabgleich,NA,"Im alphanumerischen Datensatz nur Dichotom, vergleiche sonst Dokumentationsstan- dard",FALSE,key_item,FALSE,TRUE
183,04-02,wundstatus,Wundbelag,FALSE,TRUE,0 „keiner“,NA,NA,TRUE,value_item,FALSE,TRUE
184,04-02,wundstatus,Wundbelag,FALSE,TRUE,1 „Nekrose“,NA,NA,TRUE,value_item,FALSE,TRUE
185,04-02,wundstatus,Wundbelag,FALSE,TRUE,2 „Fibrin“,NA,NA,TRUE,value_item,FALSE,TRUE
186,04-02,wundstatus,Wundbelag,FALSE,TRUE,3 „Nekrose und Fibrin“,NA,NA,TRUE,value_item,FALSE,TRUE
187,04-02,wundstatus,Wundbelag,FALSE,TRUE,Wundbelag,NA,NA,TRUE,key_item,TRUE,TRUE
188,04-03,wundstatus,Wundgrund,FALSE,TRUE,1 „Sehne“,NA,Dermis umfasst auch das Granulationsgewebe,TRUE,value_item,FALSE,TRUE
189,04-03,wundstatus,Wundgrund,FALSE,TRUE,2 „Knochen“,NA,Dermis umfasst auch das Granulationsgewebe,TRUE,value_item,FALSE,TRUE
190,04-03,wundstatus,Wundgrund,FALSE,TRUE,3 „Muskel“,NA,Dermis umfasst auch das Granulationsgewebe,TRUE,value_item,FALSE,TRUE
191,04-03,wundstatus,Wundgrund,FALSE,TRUE,4 „Fettgewebe“,NA,Dermis umfasst auch das Granulationsgewebe,TRUE,value_item,FALSE,TRUE
192,04-03,wundstatus,Wundgrund,FALSE,TRUE,5 „Dermis“,NA,Dermis umfasst auch das Granulationsgewebe,TRUE,value_item,FALSE,TRUE
193,04-03,wundstatus,Wundgrund,FALSE,TRUE,Wundgrund,NA,NA,TRUE,key_item,TRUE,TRUE
194,04-04,wundstatus,Granulation,FALSE,TRUE,0 „keine“,NA,NA,FALSE,value_item,FALSE,TRUE
195,04-04,wundstatus,Granulation,FALSE,TRUE,1 „teilweise“,NA,NA,FALSE,value_item,FALSE,TRUE
196,04-04,wundstatus,Granulation,FALSE,TRUE,2 „komplett“,NA,NA,FALSE,value_item,FALSE,TRUE
197,04-04,wundstatus,Granulation,FALSE,TRUE,Granulation,NA,NA,FALSE,key_item,TRUE,TRUE
198,04-05,wundstatus,Epithelisierung,FALSE,TRUE,0 „keine“,NA,Komplett entspricht 100% Epithelisierung,FALSE,value_item,FALSE,TRUE
199,04-05,wundstatus,Epithelisierung,FALSE,TRUE,1 „teilweise“,NA,Komplett entspricht 100% Epithelisierung,FALSE,value_item,FALSE,TRUE
200,04-05,wundstatus,Epithelisierung,FALSE,TRUE,2 „komplett“,NA,Komplett entspricht 100% Epithelisierung,FALSE,value_item,FALSE,TRUE
201,04-05,wundstatus,Epithelisierung,FALSE,TRUE,Epithelisierung,NA,NA,FALSE,key_item,TRUE,TRUE
202,04-06,wundstatus,Exsudatmenge (exakte Dokumentation derzeit nicht möglich),FALSE,TRUE,0 „kein“,NA,Exsudatmenge,FALSE,value_item,FALSE,TRUE
203,04-06,wundstatus,Exsudatmenge (exakte Dokumentation derzeit nicht möglich),FALSE,TRUE,1 „mäßig“,NA,NA,FALSE,value_item,FALSE,TRUE
204,04-06,wundstatus,Exsudatmenge (exakte Dokumentation derzeit nicht möglich),FALSE,TRUE,2 „viel“,NA,NA,FALSE,value_item,FALSE,TRUE
205,04-07,wundstatus,Beschaffenheit des Exsudats,FALSE,TRUE,1 „klar“,NA,NA,TRUE,value_item,FALSE,TRUE
206,04-07,wundstatus,Beschaffenheit des Exsudats,FALSE,TRUE,2 „blutig“,NA,NA,TRUE,value_item,FALSE,TRUE
207,04-07,wundstatus,Beschaffenheit des Exsudats,FALSE,TRUE,3 „grün/braun/gelb“,NA,NA,TRUE,value_item,FALSE,TRUE
208,04-07,wundstatus,Beschaffenheit des Exsudats,FALSE,TRUE,Beschaffenheit des Exsudats,NA,NA,TRUE,key_item,TRUE,TRUE
209,04-08,wundstatus,Wundgröße (0) = Abheilung,TRUE,TRUE,Breite,cm,Alternative Verwendung der genannten Maße 1 × senkrecht 1 × waagerecht,FALSE,key_item,FALSE,TRUE
210,04-08,wundstatus,Wundgröße (0) = Abheilung,TRUE,TRUE,Fläche,cm2,Alternative Verwendung der genannten Maße 1 × senkrecht 1 × waagerecht,FALSE,key_item,FALSE,TRUE
211,04-08,wundstatus,Wundgröße (0) = Abheilung,TRUE,TRUE,Länge,cm,Alternative Verwendung der genannten Maße 1 × senkrecht 1 × waagerecht,FALSE,key_item,FALSE,TRUE
212,04-08,wundstatus,Wundgröße (0) = Abheilung,TRUE,TRUE,Wundgröße,NA,NA,FALSE,key_item,TRUE,TRUE
213,04-09,wundstatus,Abheilungsstatus,FALSE,TRUE,1 „geheilt“,NA,Subjektive Einschätzung des Abheilungsstatus „Geheilt“ entspricht komplettem Wundschluss,FALSE,value_item,FALSE,TRUE
214,04-09,wundstatus,Abheilungsstatus,FALSE,TRUE,2 „verbessert“,NA,Subjektive Einschätzung des Abheilungsstatus „Geheilt“ entspricht komplettem Wundschluss,FALSE,value_item,FALSE,TRUE
215,04-09,wundstatus,Abheilungsstatus,FALSE,TRUE,3 „unverändert“,NA,Subjektive Einschätzung des Abheilungsstatus „Geheilt“ entspricht komplettem Wundschluss,FALSE,value_item,FALSE,TRUE
216,04-09,wundstatus,Abheilungsstatus,FALSE,TRUE,4 „verschlechtert“,NA,Subjektive Einschätzung des Abheilungsstatus „Geheilt“ entspricht komplettem Wundschluss,FALSE,value_item,FALSE,TRUE
217,04-09,wundstatus,Abheilungsstatus,FALSE,TRUE,Abheilungsstatus,NA,NA,FALSE,key_item,TRUE,TRUE
218,04-10,wundstatus,Wundrand/ Hautumgebung,FALSE,TRUE,1 „reizlos“,NA,NA,TRUE,value_item,FALSE,TRUE
219,04-10,wundstatus,Wundrand/ Hautumgebung,FALSE,TRUE,2 „gerötet“,NA,NA,TRUE,value_item,FALSE,TRUE
220,04-10,wundstatus,Wundrand/ Hautumgebung,FALSE,TRUE,3 „ödematös“,NA,NA,TRUE,value_item,FALSE,TRUE
221,04-10,wundstatus,Wundrand/ Hautumgebung,FALSE,TRUE,4 „mazeriert“,NA,NA,TRUE,value_item,FALSE,TRUE
222,04-10,wundstatus,Wundrand/ Hautumgebung,FALSE,TRUE,5 „livide“,NA,NA,TRUE,value_item,FALSE,TRUE
223,04-10,wundstatus,Wundrand/ Hautumgebung,FALSE,TRUE,6 „nekrotisch“,NA,NA,TRUE,value_item,FALSE,TRUE
224,04-10,wundstatus,Wundrand/ Hautumgebung,FALSE,TRUE,"7 „schuppend, hyperkeratotisch/terminiert“",NA,NA,TRUE,value_item,FALSE,TRUE
225,04-10,wundstatus,Wundrand/ Hautumgebung,FALSE,TRUE,Wundrand/ Hautumgebung,NA,NA,TRUE,key_item,TRUE,TRUE
226,04-11,wundstatus,Zeichen der lokalen Wundinfektion,TRUE,TRUE,0 „nein“,NA,NA,FALSE,nicht eindeutig,FALSE,FALSE
227,04-11,wundstatus,Zeichen der lokalen Wundinfektion,TRUE,TRUE,1 „ja“,NA,NA,FALSE,nicht eindeutig,FALSE,TRUE
228,04-11,wundstatus,Wundinfektion,TRUE,TRUE,Wundinfektion,NA,NA,FALSE,key_item,TRUE,TRUE
229,04-12,wundstatus,Geruch,FALSE,TRUE,0 „nein“,NA,Vorbehaltlich einer validen Einteilung,FALSE,nicht eindeutig,FALSE,FALSE
230,04-12,wundstatus,Geruch,FALSE,TRUE,1 „ja“,NA,Vorbehaltlich einer validen Einteilung,FALSE,nicht eindeutig,FALSE,TRUE
231,04-12,wundstatus,Wundgeruch,FALSE,TRUE,Wundgeruch,NA,NA,FALSE,key_item,TRUE,TRUE
232,04-13,wundstatus,Wundschmerz VW (letzte 7 Tage),TRUE,TRUE,VAS (visuelle Analogskala),0–10,VAS,FALSE,key_item,FALSE,TRUE
233,04-14,wundstatus,Wundschmerz Ruhe (letzte 7 Tage),FALSE,TRUE,VAS (visuelle Analogskala),0–10,VAS,FALSE,key_item,FALSE,TRUE
234,05-01,diagnostik,Gehstreckenverminderung,FALSE,TRUE,0 „nein“,NA,Klinische Ergänzung zu 5.2,FALSE,NA,FALSE,TRUE
235,05-01,diagnostik,Gehstreckenverminderung,FALSE,TRUE,1 „ja“,NA,Klinische Ergänzung zu 5.2,FALSE,value_item,FALSE,FALSE
236,05-02,diagnostik,ABPI,TRUE,TRUE,Index,NA,Notwendig sind beidseits die Verschlussdrücke sowie die Indizes,FALSE,key_item,FALSE,TRUE
237,05-02-01,diagnostik,ABPI,FALSE,TRUE,Verschlussdruck,NA,NA,FALSE,key_item,FALSE,TRUE
238,05-03,diagnostik,Duplexsonographie,FALSE,TRUE,0 „nein“,NA,Inklusive Resultat der Refluxdiagnostik,FALSE,NA,FALSE,TRUE
239,05-03,diagnostik,Duplexsonographie,FALSE,TRUE,1 „ja“,NA,Inklusive Resultat der Refluxdiagnostik,FALSE,nicht eindeutig,FALSE,TRUE
240,05-03,diagnostik,Duplexsonographie,FALSE,TRUE,Resultat Refluxdiagnostik,NA,NA,FALSE,key_item,TRUE,FALSE
241,05-04,diagnostik,Wundabstrich,FALSE,TRUE,0 „nein“,NA,NA,FALSE,NA,FALSE,TRUE
242,05-04,diagnostik,Wundabstrich,FALSE,TRUE,1 „ja“,NA,NA,FALSE,nicht eindeutig,FALSE,TRUE
243,05-05,diagnostik,Probeexzision,FALSE,TRUE,0 „nein“,NA,NA,FALSE,NA,FALSE,FALSE
244,05-05,diagnostik,Probeexzision,FALSE,TRUE,1 „ja“,NA,NA,FALSE,nicht eindeutig,FALSE,TRUE
245,05-06,diagnostik,Wundbezogene Labordiagnostik,FALSE,TRUE,0 „nein“,NA,NA,FALSE,NA,FALSE,FALSE
246,05-06,diagnostik,Wundbezogene Labordiagnostik,FALSE,TRUE,1 „ja“,NA,NA,FALSE,nicht eindeutig,FALSE,TRUE
247,05-07,diagnostik,Laborparameter,FALSE,TRUE,1 „Leukozyten“,NA,NA,FALSE,key_item,FALSE,FALSE
248,05-07,diagnostik,Laborparameter,FALSE,TRUE,2 „CRP“,NA,NA,FALSE,key_item,FALSE,TRUE
249,05-07,diagnostik,Laborparameter,FALSE,TRUE,3 „Hämoglobin“,NA,NA,FALSE,key_item,FALSE,TRUE
250,05-08,diagnostik,Infektionsrisikoassessment,FALSE,TRUE,"WIRE, WAR",NA,Validierung der Risikoprädiktoren steht noch aus,FALSE,key_item,FALSE,TRUE
251,06-01,therapie,Lokaltherapie,TRUE,TRUE,1 „Débridement“,NA,NA,TRUE,nicht eindeutig,FALSE,TRUE
252,06-01,therapie,Lokaltherapie,TRUE,TRUE,2 „Wundspülung“,NA,NA,TRUE,nicht eindeutig,FALSE,TRUE
253,06-01,therapie,Lokaltherapie,TRUE,TRUE,3 „Wundantiseptik“,NA,NA,TRUE,nicht eindeutig,FALSE,TRUE
254,06-01,therapie,Lokaltherapie,TRUE,TRUE,4 „Wundumgebungsschutz“,NA,NA,TRUE,nicht eindeutig,FALSE,TRUE
255,06-01,therapie,Lokaltherapie,TRUE,TRUE,5 „primärer Wundverband“,NA,NA,TRUE,nicht eindeutig,FALSE,TRUE
256,06-01,therapie,Lokaltherapie,TRUE,TRUE,6 „sekundärer Wundverband“,NA,NA,TRUE,nicht eindeutig,FALSE,TRUE
257,06-01,therapie,Lokaltherapie,TRUE,TRUE,7 „lokale Unterdrucktherapie“,NA,NA,TRUE,nicht eindeutig,FALSE,TRUE
258,06-01,therapie,Lokaltherapie,TRUE,TRUE,8 „Elektrostimulation“,NA,NA,TRUE,nicht eindeutig,FALSE,TRUE
259,06-01,therapie,Lokaltherapie,TRUE,TRUE,9 „Sonstige“,NA,NA,TRUE,NA,FALSE,TRUE
260,06-01-01,therapie,Débridement,FALSE,TRUE,1 „mechanisch“,Text,Präparat,TRUE,value_item,FALSE,TRUE
261,06-01-01,therapie,Débridement,FALSE,TRUE,2 „chirurgisch“,Text,Präparat,TRUE,value_item,FALSE,TRUE
262,06-01-01,therapie,Débridement,FALSE,TRUE,3 „Ultraschall“,Text,Präparat,TRUE,value_item,FALSE,FALSE
263,06-01-01,therapie,Débridement,FALSE,TRUE,4 „autolytisch“,Text,Präparat,TRUE,value_item,FALSE,TRUE
264,06-01-01,therapie,Débridement,FALSE,TRUE,5 „enzymatisch“,Text,Präparat,TRUE,value_item,FALSE,TRUE
265,06-01-01,therapie,Débridement,FALSE,TRUE,6 „Biochirurgie (Maden)“,Text,Präparat,TRUE,value_item,FALSE,TRUE
266,06-01-01,therapie,Débridement,FALSE,TRUE,7 „Sonstiges“,Text,Präparat,TRUE,NA,FALSE,TRUE
267,06-01-02,therapie,Wundspülung,FALSE,TRUE,1 „nein“,Text,"Polihexanid: Prontosan, Lavasorb, Lavanid Octenidin: Octenilin-Wundspüllösung",TRUE,NA,FALSE,TRUE
268,06-01-02,therapie,Wundspülung,FALSE,TRUE,2 „Ringer-Lösung“,Text,"Polihexanid: Prontosan, Lavasorb, Lavanid Octenidin: Octenilin-Wundspüllösung",TRUE,value_item,FALSE,TRUE
269,06-01-02,therapie,Wundspülung,FALSE,TRUE,"3 „Na Cl 0,9 %“",Text,"Polihexanid: Prontosan, Lavasorb, Lavanid Octenidin: Octenilin-Wundspüllösung",TRUE,value_item,FALSE,FALSE
270,06-01-02,therapie,Wundspülung,FALSE,TRUE,4 „Polyhexanid“,Text,"Polihexanid: Prontosan, Lavasorb, Lavanid Octenidin: Octenilin-Wundspüllösung",TRUE,value_item,FALSE,FALSE
271,06-01-02,therapie,Wundspülung,FALSE,TRUE,5 „Octenidin“,Text,"Polihexanid: Prontosan, Lavasorb, Lavanid Octenidin: Octenilin-Wundspüllösung",TRUE,value_item,FALSE,TRUE
272,06-01-02,therapie,Wundspülung,FALSE,TRUE,6 „nasszierender Sauerstoff“,Text,"Polihexanid: Prontosan, Lavasorb, Lavanid Octenidin: Octenilin-Wundspüllösung",TRUE,value_item,FALSE,TRUE
273,06-01-02,therapie,Wundspülung,FALSE,TRUE,7 „Sonstige“,Text,"Polihexanid: Prontosan, Lavasorb, Lavanid Octenidin: Octenilin-Wundspüllösung",TRUE,NA,FALSE,TRUE
274,06-01-03,therapie,Wundantiseptik,FALSE,TRUE,1 „nein“,NA,"Octenidin: Octenisept Polihexanid: Serasept, Polihexanidlösung 0,02 oder 0,04%",FALSE,NA,FALSE,TRUE
275,06-01-03,therapie,Wundantiseptik,FALSE,TRUE,2 „Octenidin“,NA,"Octenidin: Octenisept Polihexanid: Serasept, Polihexanidlösung 0,02 oder 0,04%",FALSE,value_item,FALSE,TRUE
276,06-01-03,therapie,Wundantiseptik,FALSE,TRUE,3 „PVP-Jod“,NA,"Octenidin: Octenisept Polihexanid: Serasept, Polihexanidlösung 0,02 oder 0,04%",FALSE,value_item,FALSE,FALSE
277,06-01-03,therapie,Wundantiseptik,FALSE,TRUE,4„Polyhexanid“,NA,"Octenidin: Octenisept Polihexanid: Serasept, Polihexanidlösung 0,02 oder 0,04%",FALSE,value_item,FALSE,FALSE
278,06-01-04,therapie,Wundumgebungsschutz,FALSE,TRUE,0 „nein“,Text,Präparat,TRUE,NA,FALSE,TRUE
279,06-01-04,therapie,Wundumgebungsschutz,FALSE,TRUE,1 „ja“ mit Präparat,Text,Präparat,TRUE,key_item,FALSE,TRUE
280,06-01-05,therapie,Primärer Wundverband Antibakterielle Wundauflage,FALSE,FALSE,-,Text      –,"Präparat (z. B. hydroaktiver Verband, Trockensalbenver- band, aktive Wundauflage) –",FALSE,NA,FALSE,TRUE
281,06-01-05,therapie,Primärer Wundverband Antibakterielle Wundauflage,FALSE,FALSE,Freitext mit Angabe Präparat,Text      –,"Präparat (z. B. hydroaktiver Verband, Trockensalbenver- band, aktive Wundauflage) –",TRUE,key_item,FALSE,FALSE
282,06-01-06,therapie,Sekundärer Wundverband,FALSE,TRUE,Freitext mit Angabe Präparat,Text,Präparat (z. B. Kompresse),TRUE,key_item,FALSE,TRUE
283,06-01-07,therapie,Lokale Unterdrucktherapie,FALSE,TRUE,0 „nein“,Text,Präparat,TRUE,NA,FALSE,FALSE
284,06-01-07,therapie,Lokale Unterdrucktherapie,FALSE,TRUE,1 „ja“,Text,Präparat,TRUE,value_item,FALSE,TRUE
285,06-01-08,therapie,Elektrostimulation,FALSE,TRUE,0 „nein“,Text,Präparat,TRUE,NA,FALSE,TRUE
286,06-01-08,therapie,Elektrostimulation,FALSE,TRUE,1 „ja“,Text,Präparat,TRUE,value_item,FALSE,FALSE
287,06-01-09,therapie,Sonstige,FALSE,TRUE,Präparat,Text,Präparat,TRUE,NA,FALSE,TRUE
288,06-02,therapie,Kausal orientierte Therapie,TRUE,TRUE,1 „Kompression“,NA,NA,TRUE,key_item,FALSE,FALSE
289,06-02,therapie,Kausal orientierte Therapie,TRUE,TRUE,2 „operative Therapie“,NA,NA,TRUE,key_item,FALSE,TRUE
290,06-02,therapie,Kausal orientierte Therapie,TRUE,TRUE,3 „immunsuppressive Therapie“,NA,NA,TRUE,key_item,FALSE,FALSE
291,06-02,therapie,Kausal orientierte Therapie,TRUE,TRUE,4 „Lymphdrainage“,NA,NA,TRUE,key_item,FALSE,TRUE
292,06-02,therapie,Kausal orientierte Therapie,TRUE,TRUE,5 „physikalische Therapie“,NA,NA,TRUE,key_item,FALSE,TRUE
293,06-02,therapie,Kausal orientierte Therapie,TRUE,TRUE,6 „interventionelle Therapien“,NA,NA,TRUE,key_item,FALSE,TRUE
294,06-02,therapie,Kausal orientierte Therapie,TRUE,TRUE,7 „rheologische Therapien“,NA,NA,TRUE,key_item,FALSE,TRUE
295,06-02,therapie,Kausal orientierte Therapie,TRUE,TRUE,8 „Sonstige“,NA,NA,TRUE,NA,FALSE,TRUE
296,06-02-01,therapie,Kompressionstherapie,FALSE,TRUE,0 „nein“,Text,Präparat,FALSE,NA,FALSE,TRUE
297,06-02-01,therapie,Kompressionstherapie,FALSE,TRUE,1 „ja“,Text,Präparat,FALSE,nicht eindeutig,FALSE,TRUE
298,06-02-01-01-01,therapie,Kompressionsmaterialien,FALSE,TRUE,"1 „Kurzzug“, 0 „nein“, 1 „ja“",x,NA,FALSE,value_item,FALSE,FALSE
299,06-02-01-01-01,therapie,Kompressionsmaterialien,FALSE,TRUE,"2 „Langzug“, 0 „nein“, 1 „ja“",x,NA,FALSE,value_item,FALSE,FALSE
300,06-02-01-01-01,therapie,Kompressionsmaterialien,FALSE,TRUE,"3 „Strumpf“, 0 „nein“, 1 „ja“",x,NA,FALSE,value_item,FALSE,TRUE
301,06-02-01-01-01,therapie,Kompressionsmaterialien,FALSE,TRUE,"4 „Mehrkomponentensysteme“, 0 „nein“, 1 „ja“",x,NA,FALSE,value_item,FALSE,TRUE
302,06-02-01-01-01,therapie,Kompressionsmaterialien,FALSE,TRUE,"5 „Sonstige“, 0 „nein“, 1 „ja“",x,NA,FALSE,NA,FALSE,TRUE
303,06-02-01-01-01,therapie,Kompressionsmaterialien,FALSE,TRUE,"Wenn 6.2.1 ja, dann „Kompressionsmaterialien“:",x,NA,FALSE,NA,FALSE,TRUE
304,06-02-01-02-02,therapie,Kurzzugbinden,FALSE,TRUE,0 „nein“,Text,Präparat,FALSE,NA,FALSE,TRUE
305,06-02-01-02-02,therapie,Kurzzugbinden,FALSE,TRUE,1 „ja“,Text,Präparat,FALSE,value_item,FALSE,FALSE
306,06-02-01-03-03,therapie,Zinkleimbinden,FALSE,TRUE,0 „nein“,Text,Präparat,FALSE,NA,FALSE,FALSE
307,06-02-01-03-03,therapie,Zinkleimbinden,FALSE,TRUE,1 „ja“,Text,Präparat,FALSE,value_item,FALSE,FALSE
308,06-02-01-04-04,therapie,Mehrkomponentenfertigsystem,FALSE,TRUE,0 „nein“,Text,Präparat,FALSE,NA,FALSE,TRUE
309,06-02-01-04-04,therapie,Mehrkomponentenfertigsystem,FALSE,TRUE,1 „ja“,Text,Präparat,FALSE,value_item,FALSE,FALSE
310,06-02-01-05-05,therapie,Ulkusstrumpf,FALSE,TRUE,0 „nein“,Text,Präparat,FALSE,NA,FALSE,TRUE
311,06-02-01-05-05,therapie,Ulkusstrumpf,FALSE,TRUE,1 „ja“,Text,Präparat,FALSE,value_item,FALSE,FALSE
312,06-02-01-06-06,therapie,Kompressionsstrumpf nach Maß,FALSE,TRUE,0 „nein“,Text,Präparat,FALSE,NA,FALSE,TRUE
313,06-02-01-06-06,therapie,Kompressionsstrumpf nach Maß,FALSE,TRUE,1 „ja“,Text,Präparat,FALSE,value_item,FALSE,FALSE
314,06-02-01-07-07,therapie,Sonstige,FALSE,TRUE,0 „nein“,Text,Präparat,FALSE,NA,FALSE,TRUE
315,06-02-01-07-07,therapie,Sonstige,FALSE,TRUE,1 „ja“,Text,Präparat,FALSE,NA,FALSE,FALSE
316,06-02-01-08-08,therapie,Anziehhilfe,FALSE,TRUE,0 „nein“,Text,Präparat,FALSE,NA,FALSE,TRUE
317,06-02-01-08-08,therapie,Anziehhilfe,FALSE,TRUE,1 „ja“,Text,Präparat,FALSE,value_item,FALSE,FALSE
318,06-02-02,therapie,Operative Therapie,FALSE,TRUE,1 „Varizenstripping V. saphena magna oder parva“,NA,Zu 10 Keratinozytentransplantation: Gesetzeskonforme Therapieform,TRUE,nicht eindeutig,FALSE,FALSE
319,06-02-02,therapie,Operative Therapie,FALSE,TRUE,10 „Spalthaut“/„Stanztransplantat“/ „Keratinozytentransplantation“,NA,Zu 10 Keratinozytentransplantation: Gesetzeskonforme Therapieform,TRUE,nicht eindeutig,FALSE,FALSE
320,06-02-02,therapie,Operative Therapie,FALSE,TRUE,10 „Spalthaut“/„Stanztransplantat“/ „Keratinozytentransplantation“,NA,Zu 10 Keratinozytentransplantation: Gesetzeskonforme Therapieform,TRUE,nicht eindeutig,FALSE,TRUE
321,06-02-02,therapie,Operative Therapie,FALSE,TRUE,11 „sonstige Wunddeckungsverfahren“,NA,Zu 10 Keratinozytentransplantation: Gesetzeskonforme Therapieform,TRUE,nicht eindeutig,FALSE,TRUE
322,06-02-02,therapie,Operative Therapie,FALSE,TRUE,2 „Seitenaststripping“,NA,Zu 10 Keratinozytentransplantation: Gesetzeskonforme Therapieform,TRUE,nicht eindeutig,FALSE,TRUE
323,06-02-02,therapie,Operative Therapie,FALSE,TRUE,"3 „interventionelle Venenoperation, Laser oder Schaumsklerosierung der V. saphena magna oder parva“",NA,Zu 10 Keratinozytentransplantation: Gesetzeskonforme Therapieform,TRUE,nicht eindeutig,FALSE,TRUE
324,06-02-02,therapie,Operative Therapie,FALSE,TRUE,"4 „sonstige Venenverfahren, z. B. Heiß-Dampf-",NA,Zu 10 Keratinozytentransplantation: Gesetzeskonforme Therapieform,TRUE,nicht eindeutig,FALSE,TRUE
325,06-02-02,therapie,Operative Therapie,FALSE,TRUE,5 „Bypass bei p AVK“,NA,Zu 10 Keratinozytentransplantation: Gesetzeskonforme Therapieform,TRUE,nicht eindeutig,FALSE,FALSE
326,06-02-02,therapie,Operative Therapie,FALSE,TRUE,6 „Stenteinlage bei p AVK“,NA,Zu 10 Keratinozytentransplantation: Gesetzeskonforme Therapieform,TRUE,nicht eindeutig,FALSE,TRUE
327,06-02-02,therapie,Operative Therapie,FALSE,TRUE,7 „chirurgisches Débridement“ (wenn durchgeführt 6.2.6.1/6.2.6.2),NA,Zu 10 Keratinozytentransplantation: Gesetzeskonforme Therapieform,TRUE,nicht eindeutig,FALSE,TRUE
328,06-02-02,therapie,Operative Therapie,FALSE,TRUE,8 „Fasziektomie“,NA,Zu 10 Keratinozytentransplantation: Gesetzeskonforme Therapieform,TRUE,nicht eindeutig,FALSE,TRUE
329,06-02-02,therapie,Operative Therapie,FALSE,TRUE,9 „Mesh-/Spalthauttransplantation“,NA,Zu 10 Keratinozytentransplantation: Gesetzeskonforme Therapieform,TRUE,nicht eindeutig,FALSE,TRUE
330,06-02-02-01-01,therapie,Chirurgisches Débridement Setting,FALSE,TRUE,1 „stationär“,NA,NA,FALSE,value_item,FALSE,TRUE
331,06-02-02-01-01,therapie,Chirurgisches Débridement Setting,FALSE,TRUE,2 „ambulant“,NA,NA,FALSE,value_item,FALSE,TRUE
332,06-02-02-01-01,therapie,Chirurgisches Débridement Setting,FALSE,TRUE,Chirurgisches Débridement Setting,NA,NA,FALSE,key_item,TRUE,TRUE
333,06-02-02-02-02,therapie,Chirurgisches Débridement Narkose,FALSE,TRUE,0 „nein“,NA,NA,FALSE,NA,FALSE,TRUE
334,06-02-02-02-02,therapie,Chirurgisches Débridement Narkose,FALSE,TRUE,1 „ja“,NA,NA,FALSE,key_item,FALSE,TRUE
335,06-02-03,therapie,Immunsuppressive Therapie als Wundtherapie (Spezifizierung s. Medikamentenanamnese),FALSE,TRUE,0 „nein“,NA,"Ja, wenn Therapie läuft",FALSE,NA,FALSE,TRUE
336,06-02-03,therapie,Immunsuppressive Therapie als Wundtherapie (Spezifizierung s. Medikamentenanamnese),FALSE,TRUE,1 „ja“,NA,"Ja, wenn Therapie läuft",FALSE,key_item,FALSE,TRUE
337,06-02-04,therapie,Lymphdrainage,FALSE,TRUE,0 „nein“,NA,Komplexe physikalische Entstau- ungstherapie (KPE),FALSE,NA,FALSE,FALSE
338,06-02-04,therapie,Lymphdrainage,FALSE,TRUE,1 „ja“,NA,Komplexe physikalische Entstau- ungstherapie (KPE),FALSE,key_item,FALSE,TRUE
339,06-02-05,therapie,Physikalische Therapie,FALSE,TRUE,0 „nein“,NA,"Gangschulung, Bewegungsübungen",FALSE,NA,FALSE,FALSE
340,06-02-05,therapie,Physikalische Therapie,FALSE,TRUE,"1 „ja“, Angabe der Therapie",NA,"Gangschulung, Bewegungsübungen",FALSE,key_item,FALSE,TRUE
341,06-02-06,therapie,Sonstige,FALSE,TRUE,Therapie,Text,NA,TRUE,NA,FALSE,FALSE
342,06-03,therapie,Verbandwechsel durch wen,FALSE,TRUE,1 „Pflegefachkraft“,Text,NA,TRUE,value_item,FALSE,TRUE
343,06-03,therapie,Verbandwechsel durch wen,FALSE,TRUE,2 „Arzt/Ärztin“,Text,NA,TRUE,value_item,FALSE,FALSE
344,06-03,therapie,Verbandwechsel durch wen,FALSE,TRUE,3 „medizinische/r Fachangestellte/r“,Text,NA,TRUE,value_item,FALSE,TRUE
345,06-03,therapie,Verbandwechsel durch wen,FALSE,TRUE,4 „Lymphtherapeut/in“,Text,NA,TRUE,value_item,FALSE,TRUE
346,06-03,therapie,Verbandwechsel durch wen,FALSE,TRUE,5 „Sonstige“,Text,NA,TRUE,value_item,FALSE,TRUE
347,06-03,therapie,Berufsgruppe,FALSE,TRUE,Berufsgruppe,NA,NA,FALSE,key_item,TRUE,FALSE
348,06-04,therapie,Behandlungsziele,FALSE,TRUE,1 „beschleunigter Wundschluss“,Text,NA,TRUE,value_item,FALSE,FALSE
349,06-04,therapie,Behandlungsziele,FALSE,TRUE,10 „Förderung von Granulation und Epithelisierung“,Text,NA,TRUE,value_item,FALSE,TRUE
350,06-04,therapie,Behandlungsziele,FALSE,TRUE,11 „Förderung der Angiogenese“,Text,NA,TRUE,value_item,FALSE,TRUE
351,06-04,therapie,Behandlungsziele,FALSE,TRUE,12 „Schmerzreduktion“,Text,NA,TRUE,value_item,FALSE,TRUE
352,06-04,therapie,Behandlungsziele,FALSE,TRUE,13 „Geruchsminimierung“,Text,NA,TRUE,value_item,FALSE,TRUE
353,06-04,therapie,Behandlungsziele,FALSE,TRUE,14 „Sonstige“,Text,NA,TRUE,value_item,FALSE,FALSE
354,06-04,therapie,Behandlungsziele,FALSE,TRUE,2 „Wundbettkonditionierung für die Defektabdeckung“,Text,NA,TRUE,value_item,FALSE,TRUE
355,06-04,therapie,Behandlungsziele,FALSE,TRUE,3 „Vermeidung von Wundinfektion“,Text,NA,TRUE,value_item,FALSE,FALSE
356,06-04,therapie,Behandlungsziele,FALSE,TRUE,4 „verbesserte Wundreinigung“,Text,NA,TRUE,value_item,FALSE,FALSE
357,06-04,therapie,Behandlungsziele,FALSE,TRUE,5 „Exsudatmanagement“,Text,NA,TRUE,value_item,FALSE,FALSE
358,06-04,therapie,Behandlungsziele,FALSE,TRUE,6 „Wundschutz“,Text,NA,TRUE,value_item,FALSE,FALSE
359,06-04,therapie,Behandlungsziele,FALSE,TRUE,7 „Volumen-/Flächenreduktion“,Text,NA,TRUE,value_item,FALSE,FALSE
360,06-04,therapie,Behandlungsziele,FALSE,TRUE,8 „Transplantatsicherung“,Text,NA,TRUE,value_item,FALSE,FALSE
361,06-04,therapie,Behandlungsziele,FALSE,TRUE,9 „Reduktion von Wundödemen“,Text,NA,TRUE,value_item,FALSE,FALSE
362,06-04,therapie,Behandlungsziele,FALSE,TRUE,Behandlungsziele,NA,NA,TRUE,key_item,TRUE,FALSE
363,06-05,therapie,Empfehlung Wundverbandwechselintervall,TRUE,TRUE,Freitext in Tagen,In Tagen,NA,FALSE,key_item,FALSE,FALSE
364,07-01,pro,Antwortoptionen Wund-QoL,TRUE,TRUE,1 „gar nicht“,NA,NA,FALSE,value_item,TRUE,FALSE
365,07-01,pro,Antwortoptionen Wund-QoL,TRUE,TRUE,2 „etwas“,NA,NA,FALSE,value_item,TRUE,FALSE
366,07-01,pro,Antwortoptionen Wund-QoL,TRUE,TRUE,3 „mäßig“,NA,NA,FALSE,value_item,TRUE,FALSE
367,07-01,pro,Antwortoptionen Wund-QoL,TRUE,TRUE,4 „ziemlich“,NA,NA,FALSE,value_item,TRUE,FALSE
368,07-01,pro,Antwortoptionen Wund-QoL,TRUE,TRUE,5 „sehr“,NA,NA,FALSE,value_item,TRUE,FALSE
369,07-01-01,pro,Schmerzen,TRUE,TRUE,Schmerzen,NA,NA,FALSE,key_item,FALSE,FALSE
370,07-01-02,pro,Unangenehmer Geruch,TRUE,TRUE,Unangenehmer Geruch,NA,NA,FALSE,key_item,FALSE,TRUE
371,07-01-03,pro,Störender Wundausfluss,TRUE,TRUE,Störender Wundausfluss,NA,NA,FALSE,key_item,FALSE,TRUE
372,07-01-04,pro,Schlaf beeinträchtigt,TRUE,TRUE,Schlaf beeinträchtigt,NA,NA,FALSE,key_item,FALSE,FALSE
373,07-01-05,pro,Behandlung belastend,TRUE,TRUE,Behandlung belastend,NA,NA,FALSE,key_item,FALSE,FALSE
374,07-01-06,pro,Niedergeschlagen,TRUE,TRUE,Niedergeschlagen,NA,NA,FALSE,key_item,FALSE,FALSE
375,07-01-07,pro,Frustriert,TRUE,TRUE,Frustriert,NA,NA,FALSE,key_item,FALSE,FALSE
376,07-01-08,pro,Sorgen,TRUE,TRUE,Sorgen,NA,NA,FALSE,key_item,FALSE,FALSE
377,07-01-09,pro,Angst vor Verschlechterung,TRUE,TRUE,Angst vor Verschlechterung,NA,NA,FALSE,key_item,FALSE,FALSE
378,07-01-10,pro,Angst zu stoßen,TRUE,TRUE,Angst zu stoßen,NA,NA,FALSE,key_item,FALSE,FALSE
379,07-01-11,pro,Schlecht fortbewegen,TRUE,TRUE,Schlecht fortbewegen,NA,NA,FALSE,key_item,FALSE,FALSE
380,07-01-12,pro,Treppensteigen mühsam,TRUE,TRUE,Treppensteigen mühsam,NA,NA,FALSE,key_item,FALSE,FALSE
381,07-01-13,pro,Probleme Alltagstätigkeiten,TRUE,TRUE,Probleme Alltagstätigkeiten,NA,NA,FALSE,key_item,FALSE,FALSE
382,07-01-14,pro,Freizeitaktivitäten eingeschränkt,TRUE,TRUE,Freizeitaktivitäten eingeschränkt,NA,NA,FALSE,key_item,FALSE,FALSE
383,07-01-15,pro,Aktivitätenmit anderen einschränken,TRUE,TRUE,Aktivitätenmit anderen einschränken,NA,NA,FALSE,key_item,FALSE,FALSE
384,07-01-16,pro,Hilfe anderer,TRUE,TRUE,Hilfe anderer,NA,NA,FALSE,key_item,FALSE,FALSE
385,07-01-17,pro,Finanzielle Belastung,TRUE,TRUE,Finanzielle Belastung,NA,NA,FALSE,key_item,FALSE,FALSE
386,07-02,pro,Wie zufrieden sind Sie insgesamt mit der Versorgung Ihrer Erkrankung?,FALSE,TRUE,Wie zufrieden sind Sie insgesamt mit der Versorgung Ihrer Erkrankung?,NA,NA,FALSE,key_item,FALSE,FALSE
387,07-02-01,pro,Wie zufrieden sind Sie insgesamtmit der Versorgung Ihrer Erkrankung?,FALSE,TRUE,1 „sehr zufrieden“,NA,NA,FALSE,value_item,FALSE,FALSE
388,07-02-01,pro,Wie zufrieden sind Sie insgesamtmit der Versorgung Ihrer Erkrankung?,FALSE,TRUE,2 „eher zufrieden“,NA,NA,FALSE,value_item,FALSE,FALSE
389,07-02-01,pro,Wie zufrieden sind Sie insgesamtmit der Versorgung Ihrer Erkrankung?,FALSE,TRUE,"3 „teils, teils“",NA,NA,FALSE,value_item,FALSE,FALSE
390,07-02-01,pro,Wie zufrieden sind Sie insgesamtmit der Versorgung Ihrer Erkrankung?,FALSE,TRUE,4 „eher unzufrieden“,NA,NA,FALSE,value_item,FALSE,FALSE
391,07-02-01,pro,Wie zufrieden sind Sie insgesamtmit der Versorgung Ihrer Erkrankung?,FALSE,TRUE,5 „sehr unzufrieden“,NA,NA,FALSE,value_item,FALSE,FALSE
392,07-02-01,pro,"Zufriedenheit (Versorgung, Therapie)",TRUE,TRUE,"Zufriedenheit (Versorgung, Therapie)",NA,NA,FALSE,key_item,FALSE,FALSE
393,08-01,ernaehrung,Ernährung,FALSE,TRUE,"Wichtig zu erheben, hierbei stehen folgende Instrumente  zur Verfügung: MNA (Minimal Nutrition Assessment), MUST (Malnutrition Universal Screening Tool), PEMU (Pflegerische Erfassung von Mangelernährung und ihren Ursachen), SGA (Subjective Global Assessment)",NA,NA,FALSE,nicht eindeutig,FALSE,FALSE
394,09-01,edukation,Patientenedukation,FALSE,TRUE,"Definition Patientenedukation: Edukation umfasst die Bereiche Information, Beratung, Schulung sowie Anleitung und orientiert sich an den individuellen Bedürfnissen und Möglichkeiten des Betroffenen [5]. Zu Beginn ist abzustecken, was die Betroffenen und deren Angehörige lernen können, d. h. lernen sie Maßnahmen kennen, z. B. die Anlage der Kompression selbstständig oder nur teilweise durchzuführen, oder geht es darum, dass sie lediglich verstehen warum diese Maßnahmen veranlasst und angewendet werden. Im Vordergrund der Edukation stehen die Ziele und Bedürfnisse des Patienten und seiner Angehörigen – nicht die des Behandlungsteams",NA,NA,FALSE,nicht eindeutig,FALSE,FALSE
395,09-01-01,edukation,Patientenedukation,FALSE,TRUE,1 „Bedarf nach Unterstützung“,NA,NA,TRUE,nicht eindeutig,FALSE,FALSE
396,09-01-01,edukation,Patientenedukation,FALSE,TRUE,2 „Patient ausreichend Informationen übermittelt“,NA,NA,TRUE,nicht eindeutig,FALSE,FALSE
397,09-01-02,edukation,Abzufragende Kriterien der Patientenedukation beim Ulcus cruris venosum,FALSE,FALSE,Abzufragende Kriterien der Patientenedukation beim Ulcus cruris venosum:,NA,NA,FALSE,nicht eindeutig,FALSE,FALSE
398,09-01-02,edukation,Abzufragende Kriterien der Patientenedukation beim Ulcus cruris venosum,FALSE,FALSE,"Ulcus cruris venosum, Informationen und Aufklärung zu: – Ursache/n der Wunde – Behandlungsmaßnahmen (u. a. Kompression) – Risikofaktoren (z. B. lange stehen und sitzen, Wärme) – Förderung der körperlichen Aktivität und Venensport – Rezidivvermeidung – Medikamentenumgang – Schmerzkontrolle – Fuß-/Nagelpflege (bei Bedarf professionelle Podologie) – Hautpflege – Lagerung der Beine – Rauch(er)entwöhnung – Auswahl/Anpassung von Bekleidung/Schuhen – Auswahl von Strümpfen (z. B. Farben/Muster) – Umgang mit und Pflege von Strümpfen und Binden (z. B. Waschen, Trocknen) – Umgang mit Anund Ausziehhilfen – Sonstiges",NA,NA,FALSE,nicht eindeutig,FALSE,FALSE
399,09-01-03,edukation,Abzufragende Kriterien der Patientenedukation beim Ulcus cruris arteriosum,FALSE,FALSE,"Ulcus cruris arteriosum, Informationen und Aufklärung zu: – Ursache/n der Wunde – Behandlungsmaßnahmen (u. a. Gefäßtraining/strukturierter Gefäßsport, Operation, Blutdruckoptimierung) – Risikofaktoren (z. B. Rauchen, Diabetes, Adipositas, BMI > 30) – Rauch(er)entwöhnung und Gewichtsreduktion – Medikamentenumgang – Schmerzkontrolle – Hautpflege und -beobachtung (rosig/blass) und Hauttemperatur (warm/kalt) – Lagerung der Beine – Auswahl/Anpassung von Bekleidung/Schuhen (z. B. keine einschnürenden Bündchen, Miederhosen) – Ausgewogene Ernährung – Sonstiges",NA,NA,FALSE,nicht eindeutig,FALSE,FALSE
400,09-02,edukation,Adhärenz,FALSE,TRUE,-,NA,"Wichtig zu erheben, jedoch steht Validierung noch aus",FALSE,nicht eindeutig,FALSE,FALSE
409,10,allgemein,Lateralität,NA,NA,Lateralität,NA,NA,NA,key_item,TRUE,TRUE
410,10,allgemein,Lateralität,NA,NA,links,NA,NA,NA,value_item,TRUE,TRUE
411,10,allgmein,Lateralität,NA,NA,rechts,NA,NA,NA,value_item,TRUE,TRUE
